수집시각,상품번호,상품명,시청자수,상품링크
2026-08-29 06:57,6979664,[크롭] 라이트 레이어드 롱슬리브_레몬,29,https://www.musinsa.com/products/6979664
2026-08-29 06:57,6979608,[크롭] 라이트 후드 집업_퍼플 [레이어드티 선택],44,https://www.musinsa.com/products/6979608
2026-08-29 06:57,6979660,[크롭] 라이트 레이어드 롱슬리브_퍼플,14,https://www.musinsa.com/products/6979660
2026-08-29 06:57,6979610,[크롭] 라이트 후드 집업_네이비 [레이어드티 선택],133,https://www.musinsa.com/products/6979610
2026-08-29 06:57,6979575,[크롭] 와플 후드 롱슬리브_애쉬블루,63,https://www.musinsa.com/products/6979575
2026-08-29 06:57,6979662,[크롭] 라이트 레이어드 롱슬리브_민트,87,https://www.musinsa.com/products/6979662
2026-08-29 06:57,3138551,린넨라이크 세미와이드 밴딩 팬츠_4 COLOR,12,https://www.musinsa.com/products/3138551
2026-08-29 06:57,6979658,[크롭] 라이트 레이어드 롱슬리브_차콜,14,https://www.musinsa.com/products/6979658
2026-08-29 06:57,6979612,[크롭] 라이트 후드 집업_차콜 [레이어드티 선택],14,https://www.musinsa.com/products/6979612
2026-08-29 06:57,6154823,[크롭] 스트라이프 레이어드 헨리넥 반팔 티셔츠_차콜,55,https://www.musinsa.com/products/6154823
2026-08-29 06:57,5903182,더블 아일렛 웨스턴 벨트_블랙,10,https://www.musinsa.com/products/5903182
2026-08-29 06:57,6154816,[크롭] 배색 롤업 크롭 반팔 티셔츠_버건디,37,https://www.musinsa.com/products/6154816
2026-08-29 06:57,6154808,[크롭] 배색 롤업 크롭 반팔 티셔츠_블랙,42,https://www.musinsa.com/products/6154808
2026-08-29 06:57,5903224,크롭 체크 셔츠_스카이블루,10,https://www.musinsa.com/products/5903224
2026-08-29 07:49,6979608,[크롭] 라이트 후드 집업_퍼플 [레이어드티 선택],20,https://www.musinsa.com/products/6979608
2026-08-29 07:49,6979664,[크롭] 라이트 레이어드 롱슬리브_레몬,10,https://www.musinsa.com/products/6979664
2026-08-29 07:49,6979660,[크롭] 라이트 레이어드 롱슬리브_퍼플,14,https://www.musinsa.com/products/6979660
2026-08-29 07:49,6979610,[크롭] 라이트 후드 집업_네이비 [레이어드티 선택],104,https://www.musinsa.com/products/6979610
2026-08-29 07:49,3138551,린넨라이크 세미와이드 밴딩 팬츠_4 COLOR,12,https://www.musinsa.com/products/3138551
2026-08-29 07:49,6979575,[크롭] 와플 후드 롱슬리브_애쉬블루,55,https://www.musinsa.com/products/6979575
2026-08-29 07:49,6979662,[크롭] 라이트 레이어드 롱슬리브_민트,67,https://www.musinsa.com/products/6979662
2026-08-29 07:49,6979658,[크롭] 라이트 레이어드 롱슬리브_차콜,10,https://www.musinsa.com/products/6979658
2026-08-29 07:49,6154823,[크롭] 스트라이프 레이어드 헨리넥 반팔 티셔츠_차콜,32,https://www.musinsa.com/products/6154823
2026-08-29 07:49,6154816,[크롭] 배색 롤업 크롭 반팔 티셔츠_버건디,14,https://www.musinsa.com/products/6154816
2026-08-29 07:49,6154808,[크롭] 배색 롤업 크롭 반팔 티셔츠_블랙,17,https://www.musinsa.com/products/6154808
2026-08-29 08:49,6979608,[크롭] 라이트 후드 집업_퍼플 [레이어드티 선택],10,https://www.musinsa.com/products/6979608
2026-08-29 08:49,6979662,[크롭] 라이트 레이어드 롱슬리브_민트,28,https://www.musinsa.com/products/6979662
2026-08-29 08:49,3138551,린넨라이크 세미와이드 밴딩 팬츠_4 COLOR,12,https://www.musinsa.com/products/3138551
2026-08-29 08:49,6154808,[크롭] 배색 롤업 크롭 반팔 티셔츠_블랙,30,https://www.musinsa.com/products/6154808
2026-08-29 08:49,6154816,[크롭] 배색 롤업 크롭 반팔 티셔츠_버건디,10,https://www.musinsa.com/products/6154816
2026-08-29 08:49,6154823,[크롭] 스트라이프 레이어드 헨리넥 반팔 티셔츠_차콜,22,https://www.musinsa.com/products/6154823
2026-08-29 09:49,6979664,[크롭] 라이트 레이어드 롱슬리브_레몬,17,https://www.musinsa.com/products/6979664
2026-08-29 09:49,6979608,[크롭] 라이트 후드 집업_퍼플 [레이어드티 선택],13,https://www.musinsa.com/products/6979608
2026-08-29 09:49,6980159,리버시블 체크 헤링턴 점퍼_블랙,10,https://www.musinsa.com/products/6980159
2026-08-29 09:49,6979610,[크롭] 라이트 후드 집업_네이비 [레이어드티 선택],113,https://www.musinsa.com/products/6979610
2026-08-29 09:49,6979712,[크롭] 스트라이프 레이어드 헨리넥 롱슬리브_차콜,11,https://www.musinsa.com/products/6979712
2026-08-29 09:49,6979662,[크롭] 라이트 레이어드 롱슬리브_민트,43,https://www.musinsa.com/products/6979662
2026-08-29 09:49,6979612,[크롭] 라이트 후드 집업_차콜 [레이어드티 선택],11,https://www.musinsa.com/products/6979612
2026-08-29 09:49,6154823,[크롭] 스트라이프 레이어드 헨리넥 반팔 티셔츠_차콜,39,https://www.musinsa.com/products/6154823
2026-08-29 09:49,6154816,[크롭] 배색 롤업 크롭 반팔 티셔츠_버건디,26,https://www.musinsa.com/products/6154816
2026-08-29 09:49,6154808,[크롭] 배색 롤업 크롭 반팔 티셔츠_블랙,27,https://www.musinsa.com/products/6154808
